{"cameraMode":{"drawMode":0,"name":"Shaded","section":"Shading Mode"},"sceneLighting":true,"audioPlay":false,"sceneViewState":{"m_AlwaysRefresh":false,"showFog":true,"showSkybox":true,"showFlares":true,"showImageEffects":true,"showParticleSystems":true,"showVisualEffectGraphs":true,"m_FxEnabled":true},"in2DMode":false,"pivot":{"x":12.738048553466797,"y":-18.960487365722658,"z":34.50885009765625},"rotation":{"x":-0.40156784653663638,"y":0.45551586151123049,"z":-0.24168673157691956,"w":-0.7568476796150208},"size":33.87623977661133,"orthographic":false}