{"cameraMode":{"drawMode":0,"name":"Shaded","section":"Shading Mode"},"sceneLighting":true,"audioPlay":false,"sceneViewState":{"m_AlwaysRefresh":false,"showFog":true,"showSkybox":true,"showFlares":true,"showImageEffects":true,"showParticleSystems":true,"showVisualEffectGraphs":true,"m_FxEnabled":true},"in2DMode":false,"pivot":{"x":20.414859771728517,"y":1.2554683685302735,"z":3.6375837326049806},"rotation":{"x":-0.14288972318172456,"y":0.3090268671512604,"z":-0.04702712595462799,"w":-0.9391011595726013},"size":1.5347670316696168,"orthographic":false}