{"cameraMode":{"drawMode":0,"name":"Shaded","section":"Shading Mode"},"sceneLighting":true,"audioPlay":false,"sceneViewState":{"m_AlwaysRefresh":false,"showFog":true,"showSkybox":true,"showFlares":true,"showImageEffects":true,"showParticleSystems":true,"showVisualEffectGraphs":true,"m_FxEnabled":true},"in2DMode":false,"pivot":{"x":20.313697814941408,"y":-2.9639434814453127,"z":33.18949508666992},"rotation":{"x":0.0024900357238948347,"y":-0.8546116948127747,"z":0.5192752480506897,"w":0.004100961610674858},"size":6.914567947387695,"orthographic":false}