{"cameraMode":{"drawMode":0,"name":"Shaded","section":"Shading Mode"},"sceneLighting":true,"audioPlay":false,"sceneViewState":{"m_AlwaysRefresh":false,"showFog":true,"showSkybox":true,"showFlares":true,"showImageEffects":true,"showParticleSystems":true,"showVisualEffectGraphs":true,"m_FxEnabled":true},"in2DMode":false,"pivot":{"x":24.126724243164064,"y":-31.294109344482423,"z":19.086254119873048},"rotation":{"x":0.004176454618573189,"y":0.7159305214881897,"z":-0.69813072681427,"w":0.004292096942663193},"size":39.438514709472659,"orthographic":false}