{
    "name": "root",
    "metadata": {
        "timer_format_version": "0.1.0",
        "start_time_seconds": "1649954680",
        "python_version": "3.8.10 (tags/v3.8.10:3d8993a, May  3 2021, 11:48:03) [MSC v.1928 64 bit (AMD64)]",
        "command_line_arguments": "D:\\FileKuliah\\GC\\git\\SmartGaming\\FPSKopid\\venv\\Scripts\\mlagents-learn --run-id=Test1",
        "mlagents_version": "0.28.0",
        "mlagents_envs_version": "0.28.0",
        "communication_protocol_version": "1.5.0",
        "pytorch_version": "1.7.1+cu110",
        "numpy_version": "1.22.3",
        "end_time_seconds": "1649954771"
    },
    "total": 91.53213170000001,
    "count": 1,
    "self": 0.005936300000001893,
    "children": {
        "run_training.setup": {
            "total": 0.09095699999999995,
            "count": 1,
            "self": 0.09095699999999995
        },
        "TrainerController.start_learning": {
            "total": 91.4352384,
            "count": 1,
            "self": 0.0002662000000128728,
            "children": {
                "TrainerController._reset_env": {
                    "total": 20.0272842,
                    "count": 1,
                    "self": 20.0272842
                },
                "TrainerController.advance": {
                    "total": 70.40764229999999,
                    "count": 1,
                    "self": 5.42999999879612e-05,
                    "children": {
                        "env_step": {
                            "total": 70.407588,
                            "count": 1,
                            "self": 70.407583,
                            "children": {
                                "SubprocessEnvManager._take_step": {
                                    "total": 5.000000001587068e-06,
                                    "count": 1,
                                    "self": 5.000000001587068e-06
                                }
                            }
                        }
                    }
                },
                "TrainerController._save_models": {
                    "total": 1.0000457000000011,
                    "count": 1,
                    "self": 0.005572500000013747,
                    "children": {
                        "RLTrainer._checkpoint": {
                            "total": 0.9944731999999874,
                            "count": 1,
                            "self": 0.9944731999999874
                        }
                    }
                }
            }
        }
    }
}